{
    "welcomeFile": "/index.html",
    "authenticationMethod": "route",
    "logout": {
        "logoutPage": "/logout.html",
        "logoutEndpoint": "/my/logout"
    },
    "websockets": {
        "enabled": true
    },
    "routes": [
        {
            "source": "^/resources/(.*)$",
            "target": "/resources/$1",
            "authenticationType": "none",
            "destination": "ui5"
        },
        {
            "source": "^/test-resources/(.*)$",
            "target": "/test-resources/$1",
            "authenticationType": "none",
            "destination": "ui5"
        },
        {
            "source": "/status(.*)",
            "destination": "srv-api",
            "csrfProtection": true,
            "authenticationType": "xsuaa"
        },
        {
            "source": "/socket.io/(.*)",
            "destination": "srv-api",
            "csrfProtection": true,
            "authenticationType": "xsuaa"
        },
        {
            "source": "/api/(.*)",
            "destination": "srv-api",
            "csrfProtection": false,
            "authenticationType": "xsuaa",
            "scope": {
                "GET": "$XSAPPNAME.Display",
                "POST": [
                    "$XSAPPNAME.Create"
                ],
                "PUT": [
                    "$XSAPPNAME.Create"
                ],
                "DELETE": [
                    "$XSAPPNAME.Delete"
                ],
                "default": "$XSAPPNAME.Display"
            }
        },
        {
            "source": "/employee/(.*)",
            "destination": "srv-api",
            "csrfProtection": false,
            "authenticationType": "xsuaa",
            "scope": {
                "GET": "$XSAPPNAME.Display",
                "POST": [
                    "$XSAPPNAME.Create"
                ],
                "PUT": [
                    "$XSAPPNAME.Create"
                ],
                "DELETE": [
                    "$XSAPPNAME.Delete"
                ],
                "default": "$XSAPPNAME.Display"
            }
        },
        {
            "source": "/rest(.*)",
            "destination": "srv-api",
            "csrfProtection": false,
            "authenticationType": "xsuaa",
            "scope": {
                "GET": "$XSAPPNAME.Display",
                "POST": [
                    "$XSAPPNAME.Create"
                ],
                "PUT": [
                    "$XSAPPNAME.Create"
                ],
                "DELETE": [
                    "$XSAPPNAME.Delete"
                ],
                "default": "$XSAPPNAME.Display"
            }
        },
        {
            "source": "/sap/bc/lrep(.*)",
            "destination": "srv-api",
            "csrfProtection": true,
            "authenticationType": "xsuaa",
            "scope": {
                "GET": "$XSAPPNAME.Display",
                "POST": [
                    "$XSAPPNAME.Display"
                ],
                "PUT": [
                    "$XSAPPNAME.Display"
                ],
                "DELETE": [
                    "$XSAPPNAME.Display"
                ],
                "default": "$XSAPPNAME.Display"
            }
        },
        {
            "source": "^/logout.html$",
            "localDir": "./",
            "authenticationType": "none"
        },
        {
            "source": "/live",
            "destination": "srv-api",
            "csrfProtection": false,
            "authenticationType": "xsuaa",
            "scope": {
                "GET": "$XSAPPNAME.Display",
                "default": "$XSAPPNAME.Display"
            }
        },
        {
            "source": "/ready",
            "destination": "srv-api",
            "csrfProtection": false,
            "authenticationType": "xsuaa",
            "scope": {
                "GET": "$XSAPPNAME.Display",
                "default": "$XSAPPNAME.Display"
            }
        },
        {
            "source": "/health",
            "destination": "srv-api",
            "csrfProtection": false,
            "authenticationType": "xsuaa",
            "scope": {
                "GET": "$XSAPPNAME.Display",
                "default": "$XSAPPNAME.Display"
            }
        },
        {
            "source": "^(.*)$",
            "target": "$1",
            "service": "html5-apps-repo-rt",
            "authenticationType": "xsuaa"
        }
    ]
}